{
    "loss": 0.8137415647506714,
    "accuracy": 0.6939314007759094
}