{
    "loss": 0.7209146022796631,
    "accuracy": 0.6794195175170898
}